{
  "preference": {
    "mTargetWidth": 0,
    "mTargetHeight": 0,
    "mRenderer": "GL",
    "m32fDepth": false,
    "mTexture16f": false,
    "mAnti": true,
    "mBatchPool": true,
    "mXR": false,
    "mDeveloper": true,
    "mIAuto": true,
    "mWASM": false
  },
  "pluging": [],
  "includes": {
    "pakozlib": true,
    "jszip": true,
    "screenfull": true,
    "bootstrap": true,
    "popper": true,
    "excel": false,
    "lzstring": false,
    "firebase": false,
    "nosleep": false,
    "colorpicker": false,
    "jquery": false,
    "summernote": false,
    "jsoneditor": false
  }
}