{"class":"CBrush","mCameraMap":{"class":"map","key":["3D","2D","Dev"],"value":[{"class":"CCamera","mEye":{"class":"CVec3","mF32A":[0,1000,1]},"mLook":{"class":"CVec3","mF32A":[0,0,0]},"mUp":{"class":"CVec3","mF32A":[0,1,0]},"mProjFar":100000,"mProjNear":1,"mOrthographic":false,"mBillboardMat":{"class":"CMat","mF32A":[1,0,0,0,0,0.0009999994654208422,-0.9999995231628418,0,0,0.9999995231628418,0.0009999994654208422,0,0,0,0,1],"mUnit":false},"mScreenWidthBase":false,"mFov":0.785,"mViewPort":null,"mWidth":0,"mHeight":0,"mZoom":1,"mCamShake":null,"mCamCon":null,"mKey":"3D"},{"class":"CCamera","mEye":{"class":"CVec3","mF32A":[0,0.10000000149011612,100]},"mLook":{"class":"CVec3","mF32A":[0,0.10000000149011612,0]},"mUp":{"class":"CVec3","mF32A":[0,1,0]},"mProjFar":100000,"mProjNear":0.01,"mOrthographic":true,"mBillboardMat":{"class":"CMat","mF32A":[1,0,0,0,0,1,0,0,0,0,1,0,0,0,0,1],"mUnit":false},"mScreenWidthBase":false,"mFov":0.785,"mViewPort":null,"mWidth":0,"mHeight":0,"mZoom":1,"mCamShake":null,"mCamCon":null,"mKey":"2D"},{"class":"CCamera","mEye":{"class":"CVec3","mF32A":[0,0,0]},"mLook":{"class":"CVec3","mF32A":[0,0,0]},"mUp":{"class":"CVec3","mF32A":[0,1,0]},"mProjFar":100000,"mProjNear":1,"mOrthographic":false,"mBillboardMat":{"class":"CMat","mF32A":[1,0,0,0,0,0,1,0,0,-1,0,0,0,0,0,1],"mUnit":false},"mScreenWidthBase":false,"mFov":0.785,"mViewPort":null,"mWidth":0,"mHeight":0,"mZoom":1,"mCamShake":null,"mCamCon":null,"mKey":"Dev"}]}}